Dataset,Model,Clusters,ARI,ACC,Time,Iters
wisconsin,EM-D,30.0,0.18595902950781237,72.0,0.16970000000000002,3.0
wisconsin,EM*,30.0,0.18129027773114523,71.7,0.1372,2.2
