Size,Model,Clusters,ARI,ACC,Time,Iters
200000,EM-D,10,0.15861637133448642,16,58.551,23
200000,EM*,10,0.15724957722941438,16,61.006,21
200000,EM-T,10,-9.7385259620271e-06,2,267.298,99
